name,image
Wonder World,https://cbet.gg/static/casino/providers/icons/nemesisgamesstudio.png
Pragmatic Play,https://cbet.gg/static/casino/providers/icons/pragmaticplay.png
Caleta,https://cbet.gg/static/casino/providers/icons/caleta.png
SmartSoft,https://cbet.gg/static/casino/providers/icons/smartsoft.png
Hacksaw,https://cbet.gg/static/casino/providers/icons/hacksaw.png
RubyPlay,https://cbet.gg/static/casino/providers/icons/rubyplay.png
Turbo Games,https://cbet.gg/static/casino/providers/icons/turbogames.png
Evoplay,https://cbet.gg/static/casino/providers/icons/evoplay.png
Spinomenal,https://cbet.gg/static/casino/providers/icons/spinomenal.png
Platipus,https://cbet.gg/static/casino/providers/icons/platipus.png
BTG,https://cbet.gg/static/casino/providers/icons/btg.png
Nolimit City,https://cbet.gg/static/casino/providers/icons/nolimitcity.png
BGaming,https://cbet.gg/static/casino/providers/icons/bgaming.png
Quickspin,https://cbet.gg/static/casino/providers/icons/quickspin.png
Mancala Gaming,https://cbet.gg/static/casino/providers/icons/mancalagaming.png
BetSoft,https://cbet.gg/static/casino/providers/icons/betsoft.png
Play'n GO,https://cbet.gg/static/casino/providers/icons/playngo.png
Wazdan,https://cbet.gg/static/casino/providers/icons/wazdan.png
GameArt,https://cbet.gg/static/casino/providers/icons/gameart.png
BF Games,https://cbet.gg/static/casino/providers/icons/bfgames.png
EURASIAN Gaming,https://cbet.gg/static/casino/providers/icons/eurasiangaming.png
Red Rake Gaming,https://cbet.gg/static/casino/providers/icons/redrakegaming.png
Gamzix,https://cbet.gg/static/casino/providers/icons/gamzix.png
Habanero,https://cbet.gg/static/casino/providers/icons/habanero.png
Gaming Corps,https://cbet.gg/static/casino/providers/icons/gamingcorps.png
Triple Cherry,https://cbet.gg/static/casino/providers/icons/triplecherry.png
Galaxsys,https://cbet.gg/static/casino/providers/icons/galaxys.png
Octoplay,https://cbet.gg/static/casino/providers/icons/octoplay.png
QUIK Gaming,https://cbet.gg/static/casino/providers/icons/quik.png
Vibra Gaming,https://cbet.gg/static/casino/providers/icons/vibragaming.png
Spadegaming,https://cbet.gg/static/casino/providers/icons/cyspadegaming.png
Spinmatic,https://cbet.gg/static/casino/providers/icons/spinmatic.png
Netgaming,https://cbet.gg/static/casino/providers/icons/netgaming.png
Elbet,https://cbet.gg/static/casino/providers/icons/elbet.png
OnlyPlay,https://cbet.gg/static/casino/providers/icons/onlyplay.png
F*Bastards,https://cbet.gg/static/casino/providers/icons/f_bastards.png
Slotmill,https://cbet.gg/static/casino/providers/icons/slotmill.png
Mascot,https://cbet.gg/static/casino/providers/icons/mascot.png
Espresso Games,https://cbet.gg/static/casino/providers/icons/espressogames.png
OneTouch,https://cbet.gg/static/casino/providers/icons/onetouch.png
Skywind,https://cbet.gg/static/casino/providers/icons/skywind.png
Superlotto,https://cbet.gg/static/casino/providers/icons/superlotto.png
AGT,https://cbet.gg/static/casino/providers/icons/agt.png
KA Gaming,https://cbet.gg/static/casino/providers/icons/kagaming.png
Reel NRG,https://cbet.gg/static/casino/providers/icons/reelnrg.png
CT Interactive,https://cbet.gg/static/casino/providers/icons/ctinteractivergs.png
Booming,https://cbet.gg/static/casino/providers/icons/booming.png
